编号,商品ID,设计,上架日
227,1085492262924,"M0712光与暗守护",9/24
228,1087588576804,"M0712环球星星人",9/24
229,1085493702137,"M0712可爱小黄帽猫",9/24
230,1085493770921,"M0712蓝艳黑猫油画",9/24
231,1085494158999,"M0712石榴花头像",9/24
232,1085495278198,"M0714海绵宝宝郊游",9/24
233,1085495682342,"M0714欧美贵族少女",9/24
234,1087592044125,"M0714去你的人生",9/24
235,1085496362766,"M0714死亡笔记少女",9/24
236,1086560993282,"M0714悠闲黑猫咖啡",9/24
237,1084606487428,"M0716环球野原一家",9/24
238,1086562025373,"M0716幻觉单人探戈",9/24
239,1084607723295,"M0716简约委屈表情",9/24
240,1087594960321,"M0716卡通人鱼故事",9/24
241,1084608539455,"M0716趣味葬爱猫咪",9/24
242,1084608807682,"M0716香风甜美粉点",9/24
243,1086564405329,"M0716雨做的云油画",9/24
244,1085507170383,"M0718恶魔蜡笔小新",9/24
245,1084616683539,"M0718放松小天使",9/24
246,1085507814399,"M0718怪诞兔仔女孩",9/24
247,1086571833265,"M0718猫盯鱼油画",9/24
248,1084617943161,"M0718趣味蓝瞳猫咪",9/24
249,1087604504885,"M0718时尚十字格纹",9/24
250,1087605364116,"M0718唯有一剑少女",9/24
251,1084618639913,"M0718艺术番茄夕阳",9/24
252,1087605940536,"M0720不失优雅石像",9/24
253,1087606676076,"M0720怪诞奔溃涂鸦",9/24
254,1086574385556,"M0720海沙一线之隔",9/24
255,1087606968713,"M0720婚纱蜡笔小新",9/24
256,1087607192925,"M0720漂流瓶油画",9/24
257,1087607636850,"M0720趣味三条咸鱼",9/24
258,1087608172484,"M0720温馨猫咪壁纸",9/24
259,1086576441126,"M0720邪恶兔子王国",9/24
260,1087608908487,"M0722冷漠眼镜鸭子",9/24
261,1084622359957,"M0722专情听歌猫咪",9/24
262,1084664891355,"M0602崩坏瞬间油画",9/24
263,1087652584409,"M0602打包拱门快餐",9/24
264,1087652712386,"M0602粉色小熊表情",9/24
265,1085556114912,"M0602搞怪冷酷猫头",9/24
266,1086619345446,"M0602日漫哥伦天使",9/24
267,1084665643702,"M0602神秘圣女雕像",9/24
268,1085556826753,"M0602艺术灰暗一面",9/24
269,1087658940860,"M0606动漫爱丽丝",9/24
270,1084671207958,"M0606粉草帽哈喽猫",9/24
271,1086625433495,"M0606哈喽猫印章",9/24
272,1085563634274,"M0606黑色一枝花",9/24
273,1085569030097,"M0606凝视葬礼油画",9/24
274,1084677447476,"M0606瓶中小鱼儿",9/24
275,1086631105883,"M0606戏水新之助",9/24
276,1084677687951,"M0610精状美化娃娃",9/24
277,1086631873509,"M0610克罗心眼睛",9/24
278,1087672440128,"M0610奇幻口是眼非",9/24
279,1087672364620,"M0610青青山脉水墨",9/24
280,1084684379780,"M0610手绘三小狗",9/24
281,1087673164532,"M0610我很ok",9/24
282,1086638785239,"M0610撞色冰淇淋猫",9/24
283,1086647361401,"M0614复古猫咪娃娃",9/24
284,1084693667373,"M0614蓝格裙哈喽猫",9/24
285,1086648817180,"M0614蓝色灵魂少女",9/24
286,1087684140133,"M0614素描标签少女",9/24
287,1084694419957,"M0614血红千眼油画",9/24
288,1085588482242,"M0614紫色迪迪卡通",9/24
289,1085588834466,"M0614自由像库洛咪",9/24
290,1086669989498,"M0602艺术禁锢双手",9/24
291,1086670505706,"M0604霸王哥斯拉",9/24
292,1087706292812,"M0604舒坦一觉艺术",9/24
293,1085609818171,"M0604夏季雪糕油画",9/24
294,1084718795097,"M0604相拥天使油画",9/24
295,1084718971586,"M0604星星守护兔子",9/24
296,1086673581847,"M0608春夏彩墨景色",9/24
297,1086674405394,"M0608高山旷野油画",9/24
298,1087709960493,"M0608黄紫星星涂鸦",9/24
299,1084722995181,"M0608可爱打架天使",9/24
300,1087712620542,"M0608趣味吐舌白狗",9/24
301,1084724179727,"M0608心中旷野油画",9/24
302,1086679573040,"M0612粉格哭包绘画",9/24
303,1084725931310,"M0612黑皮超A少女",9/24
304,1086691385409,"M0612猫掌花朵油画",9/24
305,1087727196294,"M0612朋克公主骑士",9/24
306,1087727416844,"M0612唯美荆棘小羊",9/24
307,1087748100442,"M0612唯美精灵少女",9/24
308,1084758919880,"M0616可爱观书哈猫",9/24
309,1086714665800,"M0616空灵失神女生",9/24
310,1085652914484,"M0616蒙莎天使女生",9/24
311,1084773131010,"M0616欧美六翼天使",9/24
312,1087762948614,"M0616新款艺术之手",9/24
313,1086729397158,"M0617吃瓜哈喽猫",9/24
314,1087764564534,"M0617奇幻星心油画",9/24
315,1084776019118,"M0617深夜乌云月亮",9/24
316,1087781336084,"M0617童年涂鸦壁画",9/24
317,1087781748579,"M0619红发兔女郎",9/24
318,1084794283219,"M0619可爱飞天小猪",9/24
319,1084795103341,"M0619可爱落水狗",9/24
320,1085693214797,"M0610紫粉奇幻游鱼",9/24
321,1087793924556,"M0612大眼瞪哈喽猫",9/24
322,1085759770140,"M0612抓抓蜡笔小新",9/24
323,1085760242015,"M0616粉色洗礼心脏",9/24
324,1084870327777,"M0616孤寂蝴蝶女生",9/24
325,1084870947377,"M0616怪诞自拍少女",9/24
326,1086825285920,"M0622艺术手绘插花",9/24
327,1087861904868,"M0624恶搞猫骑鲨鱼",9/24
328,1086826341354,"M0624卡通小玉星星",9/24
329,1087862996008,"M0624哪吒三太子",9/24
330,1085767534215,"M0626花丛睡眠女生",9/24
331,1085767634771,"M0626石头开花油画",9/24
332,1086832701598,"M0604血泊小柴人",9/24
333,1084879079226,"M0604艺术蓝焰冰块",9/24
334,1085768898329,"M0604紫韵蝴蝶涂鸦",9/24
335,1086838953618,"M0606照镜小狐妖",9/24
336,1085774510736,"M0608印花坏坏猫咪",9/24
337,1087876476240,"M0608晕乎乎萌猫",9/24
338,1085775146710,"M0619趣味苦咖啡鸭",9/24
339,1087877244286,"M0619水池小黄鸭",9/24
340,1084890895830,"M0619艺术扑克顺子",9/24
341,1084891143992,"M0619饮水机油画",9/24
342,1086846097745,"M0619治愈出逃鸭子",9/24
343,1087883392119,"M0622哈喽猫涂画",9/24
344,1085781930504,"M0624清凉冰饮油画",9/24
345,1084894827547,"M0624天染青红油画",9/24
346,1086849733408,"M0624下雨的云油画",9/24
347,1085785010488,"M0624小猫睡前故事",9/24
348,1085785554189,"M0624紫藤花拼图3",9/24
349,1087887248812,"M0626梵高井中观星",9/24
350,1085785894533,"M0628萌宠痞贼狼狗",9/24
351,1086851217505,"M0628神圣代码之眼",9/24
352,1084896787752,"M0628时间刚好狗狗",9/24
353,1085786486822,"M0628唯美慵懒公主",9/24
354,1084897147898,"M0628唯美慵懒天使",9/24
355,1085787438282,"M0630爆破黄哈喽猫",9/24
