编号,商品ID,设计,上架日,分组
1,1086695212713,夏日绿色晕染,9/20,第1组
2,1086706128084,淡雅白色奇迹,9/20,第1组
3,1084860574838,M0901复古中式动画,9/21,第1组
4,1084864002526,M0901港式福字气运,9/21,第1组
5,1085930681899,M0901女生暗黑漫画,9/21,第1组
6,1084869662666,M0901奇想旷野油画,9/21,第1组
7,1086965380736,M0901熟睡兔娃公仔,9/21,第1组
8,1085936285252,M0901粉色垃圾袋猫,9/21,第1组
9,1085936933379,M0901现代沙滩油画,9/21,第1组
10,1085937753405,M0901褶皱纸张波点,9/21,第1组
11,1084988158381,M0903吹风金毛狗狗,9/22,第1组
12,1084102267577,M0903动画悟空吹风,9/22,第1组
13,1086054153843,M0903复古米菲兔,9/22,第1组
14,1084105503317,M0903蓝天祥云油画,9/22,第1组
15,1084107003906,M0903美式紫青猫咪,9/22,第1组
16,1087091312927,M0903奇幻紫粉雪景,9/22,第1组
17,1087093356079,M0903趣味美式猪猪,9/22,第1组
18,1087094664235,M0903涂鸦呆萌小鸡,9/22,第1组
19,1086127821099,M0905纯色金块油画,9/22,第1组
20,1087160700255,M0905奶黄紫色星星,9/22,第1组
21,1086129989214,M0905年代哈喽猫,9/22,第2组
22,1086135429154,M0905奇想毁灭过往,9/22,第2组
23,1085073466509,M0905青粉撞色女孩,9/22,第2组
24,1087169248154,M0905趣味爆款猫帽,9/22,第2组
25,1087170036588,M0905治愈古镇油画,9/22,第2组
26,1086140141086,M0905治愈同频男女,9/22,第2组
27,1084192079619,M0907白桦树油画,9/22,第2组
28,1086144449314,M0907粉绿野餐哈猫,9/22,第2组
29,1087177384195,M0907简约野餐哈猫,9/22,第2组
30,1084196607030,M0907手枪海报涂鸦,9/22,第2组
31,1084197311629,M0907午后草莓薯条,9/22,第2组
32,1087189384287,M0907艺术古铜唱片,9/22,第2组
33,1086158661540,M0907艺术土雕祥云,9/22,第2组
34,1086159609569,M0907中式骑驴宋人,9/22,第2组
35,1084209495706,M0922粉色爱心豹子,9/22,第2组
36,1086161153597,M0922塑料袋套猫咪,9/22,第2组
37,1085101274890,M0922金粉五角星,9/22,第2组
38,1087218564959,M0909淡粉欢乐兔子,9/22,第2组
39,1087219412789,M0909可爱睡猫小花,9/22,第2组
40,1084237683218,M0909欧美城市油画,9/22,第2组
41,1084238027727,M0909涂鸦花花油画,9/22,第3组
42,1084238999276,M0909涂鸦字母爱我,9/22,第3组
43,1087244816955,M0909爆发富天线宝,9/22,第3组
44,1087245528478,M0909红衣女孩狗狗,9/22,第3组
45,1086214413066,M0909秋天晚霞城市,9/22,第3组
46,1084262835544,M0911街头粉灰涂鸦,9/22,第3组
47,1085151426619,M0911贴纸拼图印花,9/22,第3组
48,1086215273372,M0911狭缝异界油画,9/22,第3组
49,1087247204980,M0911小件拼图涂鸦,9/22,第3组
50,1086216045596,M0911星爆像素板画,9/22,第3组
51,1085153058434,M0911性感背影油画,9/22,第3组
52,1085153826060,M0911血色乌鸦涂鸦,9/22,第3组
53,1084265235903,M0911纸张贴图印花,9/22,第3组
54,1084276731705,M0913波普朋克涂鸦,9/22,第3组
55,1085165862668,M0913冬季晨阳猫咪,9/22,第3组
56,1087261328169,M0913梵高青白花,9/22,第3组
57,1087261836074,M0913粉装哈喽猫,9/22,第3组
58,1084278243934,M0913画家腊肠狗,9/22,第3组
59,1087261980998,M0913记忆模糊人影,9/22,第3组
60,1087262496628,M0913日漫性感月兔,9/22,第3组
61,1087263220200,M0913石灰兔公仔,9/22,第4组
62,1086237989658,M0915璀璨星空女孩,9/22,第4组
63,1084286159546,M0915满屋公仔精灵,9/22,第4组
64,1087269944044,M0915拼图弹唱猫咪,9/22,第4组
65,1085178498524,M0915午后放空鸭,9/22,第4组
66,1085178622670,M0915下班回家鸭子,9/22,第4组
67,1085179330371,M0915照片记忆熊仔,9/22,第4组
68,1085179894329,M0915治愈缤纷粉果,9/22,第4组
69,1084291591996,M0915治愈童心天空,9/22,第4组
70,1086244821185,M0917粉宠哈喽猫,9/22,第4组
71,1085180878184,M0917更好宣言涂鸦,9/22,第4组
72,1084292631931,M0917蝴蝶结灰格,9/22,第4组
73,1086245357790,M0917黄蓝条纹波点,9/22,第4组
74,1086246009396,M0917魔幻哈喽猫,9/22,第4组
75,1086245797908,M0917铅笔十字目,9/22,第4组
76,1086246373519,M0917趣味拽痞橘猫,9/22,第4组
77,1087277908134,M0917艺术芦苇草,9/22,第4组
78,1084294339717,M0919不要耳朵兔子,9/22,第4组
79,1086247517309,M0919曾经虚影油画,9/22,第4组
80,1084295055813,M0919粉色怜悯兔,9/22,第4组
81,1085183518377,M0919粉色陶瓷小鹿,9/22,第5组
82,1086254521674,M0919简约表情话框,9/22,第5组
83,1087285760778,M0919棉签护士猫咪,9/22,第5组
84,1086255313275,M0919漂亮饭猫咪,9/22,第5组
85,1086255113790,M0919趣味爆破猫咪,9/22,第5组
86,1085191090393,M0921韩系花瓣波点,9/22,第5组
87,1086255865569,M0921红洛丽哈喽猫,9/22,第5组
88,1087287160103,M0921趣味不屈猫咪,9/22,第5组
89,1085191922140,M0921唯美衣柜油画,9/22,第5组
90,1085191726803,M0921温书自拍猫咪,9/22,第5组
91,1084303623539,M0921向日葵之眼,9/22,第5组
92,1086256601956,M0921性感红酒蕾丝,9/22,第5组
93,1085192378872,M0921摇摆哈喽猫,9/22,第5组
94,1087310528069,M0801动次打次猫咪,9/23,第5组
95,1084326027617,M0801粉色居家小玉,9/23,第5组
96,1084326135867,M0801乖巧狗狗油画,9/23,第5组
97,1086280117281,M0801可爱刷视频鸭,9/23,第5组
98,1086279981902,M0804涂鸦夏天灰狗,9/23,第5组
99,1086280801070,M0805高冷兔子树,9/23,第5组
100,1086280865348,M0805卷毛白色狗狗,9/23,第5组
101,1087312620391,M0805蒙面哈喽猫,9/23,第6组
102,1087316512085,M0807小小欢乐童话,9/23,第6组
103,1087316680662,M0807艺术肌理祥云,9/23,第6组
106,1085307882528,M0801舒坦漂游鸭子,9/23,第6组
107,1086373261173,M0801甜美瞌睡猫娘,9/23,第6组
108,1085309162427,M0801休闲逗鱼猫咪,9/23,第6组
109,1084420563867,M0801游船金毛狗狗,9/23,第6组
110,1085310114749,M0805西瓜粉星星,9/23,第6组
111,1085310370893,M0807肌肉钢比兔子,9/23,第6组
112,1084422447646,M0807满天乌云沙画,9/23,第6组
113,1084423515023,M0807设计打工熟虾,9/23,第6组
114,1086377201964,M0812灰色纹路猫咪,9/23,第6组
115,1085313286175,M0812洛丽塔双胞胎,9/23,第6组
116,1085313738359,M0812清水涟漪油画,9/23,第6组
117,1086379257279,M0812深蓝吐舌猫咪,9/23,第6组
118,1087417552068,M0803白玫瑰少女,9/23,第6组
119,1085321522719,M0803薄荷大鼻狗狗,9/23,第6组
120,1086387201036,M0803躲裤脚猫咪,9/23,第6组
121,1087419420005,M0803粉底小黄狗,9/23,第6组
122,1084435099071,M0803可爱妮妮兔子,9/23,第6组
123,1086388713397,M0803悠闲墨镜兔子,9/23,第7组
124,1086389537195,M0803蜘蛛侠标记,9/23,第7组
125,1084436307507,M0803紫色韵味字母,9/23,第7组
126,1086390069845,M0805朦胧卷发少女,9/23,第7组
127,1084437483323,M0805逆光复古少女,9/23,第7组
128,1087422644960,M0805四叶草星星,9/23,第7组
129,1086392217248,M0805唯美蝴蝶遮眼,9/23,第7组
130,1084439031411,M0807时尚紫波点猫,9/23,第7组
131,1087424352555,M0807史努比派对,9/23,第7组
132,1084447551496,M0810鬼灭上弦之参,9/23,第7组
133,1084441503536,M0810卡通得意猪猪,9/23,第7组
134,1087427216722,M0810可爱披萨肥猫,9/23,第7组
135,1086396057495,M0810可爱披萨橘猫,9/23,第7组
136,1087428056803,M0810落日海岸冰饮,9/23,第7组
137,1084443299920,M0810七龙珠波动,9/23,第7组
138,1084444251239,M0810神圣祈祷雕像,9/23,第7组
139,1087429980162,M0814神秘精灵涂鸦,9/23,第7组
140,1086398597175,M0814神韵冰山星星,9/23,第7组
141,1087430724377,M0814像素窗帘狗狗,9/23,第7组
142,1087431256193,M0814像素雨天遛狗,9/23,第7组
143,1086399757397,M0814艺术星星开花,9/23,第8组
144,1086399741828,M0816韩系格子红星,9/23,第8组
145,1084447103563,M0816可爱动漫猫娘,9/23,第8组
146,1084447847814,M0816趣味卷发猫,9/23,第8组
147,1085337606701,M0816趣味露骨兔子,9/23,第8组
148,1087434464090,M0816水底游鱼油画,9/23,第8组
149,1087434652432,M0816涂鸦king,9/23,第8组
150,1084449967340,M0816樱树懒腰猫咪,9/23,第8组
151,1086403817789,M0816珠笔印花星月,9/23,第8组
152,1086404961267,M0818笔墨青竹角亭,9/23,第8组
153,1085340586479,M0818水蜜桃渐变,9/23,第8组
154,1084452323570,M0818艺术冷酷猫瞳,9/23,第8组
155,1087437584736,M0818艺术名画拼图,9/23,第8组
156,1084453203652,M0820复古信纸卡通,9/23,第8组
157,1087438788651,M0820好看出游少女,9/23,第8组
158,1087439652138,M0820可爱花环猫咪,9/23,第8组
159,1084454511805,M0820亮豹纹黑皮猫,9/23,第8组
160,1086477569399,M0807田园帽子女孩,9/23,第8组
161,1084523855338,M0807童话雨杯女孩,9/23,第8组
162,1086478641281,M0812大海红房油画,9/23,第8组
163,1084524995264,M0812水池扭曲蓝格,9/23,第9组
164,1085414942625,M0812温书酣睡油画,9/23,第9组
165,1085415642512,M0820撞色波点花纹,9/23,第9组
166,1086480477898,M0822抽象名画牛来,9/23,第9组
167,1085416418647,M0822抽象牛来背影,9/23,第9组
168,1084527907582,M0822卡通美梦童画,9/23,第9组
169,1085417694620,M0822中式水墨牛来,9/23,第9组
170,1084533775095,M0812血色壁画黑猫,9/23,第9组
171,1086487705929,M0814超级赛亚人二,9/23,第9组
172,1084534091960,M0814超级赛亚人三,9/23,第9组
173,1087520540316,M0814气球哈喽猫,9/23,第9组
174,1086489741709,M0818腊肠狗头像,9/23,第9组
175,1084536047390,M0818朋克黑客头像,9/23,第9组
176,1085426146921,M0818琴声化鸟油画,9/23,第9组
177,1087521876823,M0818趣味长耳兔兔,9/23,第9组
178,1084537663714,M0820秋游线条狗狗,9/23,第9组
179,1085427842937,M0820水墨艺术猫娘,9/23,第9组
180,1085428374923,M0820治愈狗狗相依,9/23,第9组
181,1087542716426,M0702比奇堡鱼人,9/23,第9组
182,1087543332056,M0702怪诞软妹少女,9/23,第9组
183,1086512121646,M0702蝴蝶结云朵,9/23,第10组
184,1085448218595,M0702卡通条纹青蛙,9/23,第10组
185,1086512865598,M0704木讷惊呆羊羊,9/23,第10组
186,1084558767277,M0704趣味行凶猫爪,9/23,第10组
187,1086513485713,M0704沙滩模特少女,9/23,第10组
188,1084559399448,M0704夏夜灯光秘密,9/23,第10组
189,1084559559666,M0706虎视眈眈猫咪,9/23,第10组
190,1086514861653,M0706花丛仰望治愈,9/23,第10组
191,1086515357346,M0706可爱表情红果,9/23,第10组
192,1087546816705,M0706蟹黄堡上班,9/23,第10组
193,1087547420394,M0708治愈粉色草莓,9/23,第10组
194,1087547636650,M0708治愈猫咪戏蝶,9/23,第10组
195,1086516409934,M0710复古报纸蓝天,9/23,第10组
196,1084562015786,M0710精美黑发少女,9/23,第10组
197,1086528113824,M0702性感韩系兔子,9/23,第10组
198,1087560000352,M0702野人新之助,9/23,第10组
199,1087560172760,M0702艺术玉足裤裤,9/23,第10组
200,1087560816360,M0702慵懒天使少女,9/23,第10组
201,1087561188429,M0704卡通野原一家,9/23,第10组
202,1084575251762,M0706韩系祈祷少女,9/23,第10组
203,1084575987454,M0706韩系忧郁少女,9/23,第11组
204,1084575887767,M0708娇花初始头像,9/23,第11组
205,1085467130457,M0708可爱小人饼干,9/23,第11组
206,1087562844632,M0708蓝蓝深海鱼群,9/23,第11组
207,1086531965445,M0710帽子史努比,9/23,第11组
208,1086532605086,M0710美颜白发少女,9/23,第11组
209,1084578135685,M0710藕粉初始头像,9/23,第11组
210,1086533289156,M0710蟹老板办公室,9/23,第11组
211,1086533705304,M0712草绿棒棒糖,9/23,第11组
212,1087565204424,M0712夜幕沙丘瓶子,9/23,第11组
213,1084586539239,M0712艺术复古神光,9/23,第11组
214,1084579627930,M0714巴啦啦小魔仙,9/23,第11组
215,1084579899971,M0714卡通寻花小女孩,9/23,第11组
216,1087566788045,M0714卖萌帽子猫咪,9/23,第11组
217,1086553681398,M0704可爱山野猫咪,9/23,第11组
218,1087586412173,M0704香蕉字母涂鸦,9/23,第11组
219,1084600075189,M0704艺术一念善恶,9/23,第11组
220,1086554705410,M0706粉红娇艳金鱼,9/23,第11组
221,1085491258484,M0706复古选择人生,9/23,第11组
222,1084600603578,M0708甜美蕾丝蓝格,9/23,第11组
223,1085491766304,M0708一朵白花油画,9/23,第12组
224,1086555545796,M0708音乐初始状态,9/23,第12组
225,1084601335414,M0710可爱抖音猫咪,9/23,第12组
226,1087588256370,M0710绿色沙发猫咪,9/23,第12组
227,1085492262924,M0712光与暗守护,9/24,第12组
228,1087588576804,M0712环球星星人,9/24,第12组
229,1085493702137,M0712可爱小黄帽猫,9/24,第12组
230,1085493770921,M0712蓝艳黑猫油画,9/24,第12组
231,1085494158999,M0712石榴花头像,9/24,第12组
232,1085495278198,M0714海绵宝宝郊游,9/24,第12组
233,1085495682342,M0714欧美贵族少女,9/24,第12组
234,1087592044125,M0714去你的人生,9/24,第12组
235,1085496362766,M0714死亡笔记少女,9/24,第12组
236,1086560993282,M0714悠闲黑猫咖啡,9/24,第12组
237,1084606487428,M0716环球野原一家,9/24,第12组
238,1086562025373,M0716幻觉单人探戈,9/24,第12组
239,1084607723295,M0716简约委屈表情,9/24,第12组
240,1087594960321,M0716卡通人鱼故事,9/24,第12组
241,1084608539455,M0716趣味葬爱猫咪,9/24,第12组
242,1084608807682,M0716香风甜美粉点,9/24,第12组
243,1086564405329,M0716雨做的云油画,9/24,第13组
244,1085507170383,M0718恶魔蜡笔小新,9/24,第13组
245,1084616683539,M0718放松小天使,9/24,第13组
246,1085507814399,M0718怪诞兔仔女孩,9/24,第13组
247,1086571833265,M0718猫盯鱼油画,9/24,第13组
248,1084617943161,M0718趣味蓝瞳猫咪,9/24,第13组
249,1087604504885,M0718时尚十字格纹,9/24,第13组
250,1087605364116,M0718唯有一剑少女,9/24,第13组
251,1084618639913,M0718艺术番茄夕阳,9/24,第13组
252,1087605940536,M0720不失优雅石像,9/24,第13组
253,1087606676076,M0720怪诞奔溃涂鸦,9/24,第13组
254,1086574385556,M0720海沙一线之隔,9/24,第13组
255,1087606968713,M0720婚纱蜡笔小新,9/24,第13组
256,1087607192925,M0720漂流瓶油画,9/24,第13组
257,1087607636850,M0720趣味三条咸鱼,9/24,第13组
258,1087608172484,M0720温馨猫咪壁纸,9/24,第13组
259,1086576441126,M0720邪恶兔子王国,9/24,第13组
260,1087608908487,M0722冷漠眼镜鸭子,9/24,第13组
261,1084622359957,M0722专情听歌猫咪,9/24,第13组
262,1084664891355,M0602崩坏瞬间油画,9/24,第13组
263,1087652584409,M0602打包拱门快餐,9/24,第14组
264,1087652712386,M0602粉色小熊表情,9/24,第14组
265,1085556114912,M0602搞怪冷酷猫头,9/24,第14组
266,1086619345446,M0602日漫哥伦天使,9/24,第14组
267,1084665643702,M0602神秘圣女雕像,9/24,第14组
268,1085556826753,M0602艺术灰暗一面,9/24,第14组
269,1087658940860,M0606动漫爱丽丝,9/24,第14组
270,1084671207958,M0606粉草帽哈喽猫,9/24,第14组
271,1086625433495,M0606哈喽猫印章,9/24,第14组
272,1085563634274,M0606黑色一枝花,9/24,第14组
273,1085569030097,M0606凝视葬礼油画,9/24,第14组
274,1084677447476,M0606瓶中小鱼儿,9/24,第14组
275,1086631105883,M0606戏水新之助,9/24,第14组
276,1084677687951,M0610精状美化娃娃,9/24,第14组
277,1086631873509,M0610克罗心眼睛,9/24,第14组
278,1087672440128,M0610奇幻口是眼非,9/24,第14组
279,1087672364620,M0610青青山脉水墨,9/24,第14组
280,1084684379780,M0610手绘三小狗,9/24,第14组
281,1087673164532,M0610我很ok,9/24,第14组
282,1086638785239,M0610撞色冰淇淋猫,9/24,第14组
283,1086647361401,M0614复古猫咪娃娃,9/24,第15组
284,1084693667373,M0614蓝格裙哈喽猫,9/24,第15组
285,1086648817180,M0614蓝色灵魂少女,9/24,第15组
286,1087684140133,M0614素描标签少女,9/24,第15组
287,1084694419957,M0614血红千眼油画,9/24,第15组
288,1085588482242,M0614紫色迪迪卡通,9/24,第15组
289,1085588834466,M0614自由像库洛咪,9/24,第15组
290,1086669989498,M0602艺术禁锢双手,9/24,第15组
291,1086670505706,M0604霸王哥斯拉,9/24,第15组
292,1087706292812,M0604舒坦一觉艺术,9/24,第15组
293,1085609818171,M0604夏季雪糕油画,9/24,第15组
294,1084718795097,M0604相拥天使油画,9/24,第15组
295,1084718971586,M0604星星守护兔子,9/24,第15组
296,1086673581847,M0608春夏彩墨景色,9/24,第15组
297,1086674405394,M0608高山旷野油画,9/24,第15组
298,1087709960493,M0608黄紫星星涂鸦,9/24,第15组
299,1084722995181,M0608可爱打架天使,9/24,第15组
300,1087712620542,M0608趣味吐舌白狗,9/24,第15组
301,1084724179727,M0608心中旷野油画,9/24,第15组
302,1086679573040,M0612粉格哭包绘画,9/24,第15组
303,1084725931310,M0612黑皮超A少女,9/24,第16组
304,1086691385409,M0612猫掌花朵油画,9/24,第16组
305,1087727196294,M0612朋克公主骑士,9/24,第16组
306,1087727416844,M0612唯美荆棘小羊,9/24,第16组
307,1087748100442,M0612唯美精灵少女,9/24,第16组
308,1084758919880,M0616可爱观书哈猫,9/24,第16组
309,1086714665800,M0616空灵失神女生,9/24,第16组
310,1085652914484,M0616蒙莎天使女生,9/24,第16组
311,1084773131010,M0616欧美六翼天使,9/24,第16组
312,1087762948614,M0616新款艺术之手,9/24,第16组
313,1086729397158,M0617吃瓜哈喽猫,9/24,第16组
314,1087764564534,M0617奇幻星心油画,9/24,第16组
315,1084776019118,M0617深夜乌云月亮,9/24,第16组
316,1087781336084,M0617童年涂鸦壁画,9/24,第16组
317,1087781748579,M0619红发兔女郎,9/24,第16组
318,1084794283219,M0619可爱飞天小猪,9/24,第16组
319,1084795103341,M0619可爱落水狗,9/24,第16组
320,1085693214797,M0610紫粉奇幻游鱼,9/24,第16组
321,1087793924556,M0612大眼瞪哈喽猫,9/24,第16组
322,1085759770140,M0612抓抓蜡笔小新,9/24,第16组
323,1085760242015,M0616粉色洗礼心脏,9/24,第17组
324,1084870327777,M0616孤寂蝴蝶女生,9/24,第17组
325,1084870947377,M0616怪诞自拍少女,9/24,第17组
326,1086825285920,M0622艺术手绘插花,9/24,第17组
327,1087861904868,M0624恶搞猫骑鲨鱼,9/24,第17组
328,1086826341354,M0624卡通小玉星星,9/24,第17组
329,1087862996008,M0624哪吒三太子,9/24,第17组
330,1085767534215,M0626花丛睡眠女生,9/24,第17组
331,1085767634771,M0626石头开花油画,9/24,第17组
332,1086832701598,M0604血泊小柴人,9/24,第17组
333,1084879079226,M0604艺术蓝焰冰块,9/24,第17组
334,1085768898329,M0604紫韵蝴蝶涂鸦,9/24,第17组
335,1086838953618,M0606照镜小狐妖,9/24,第17组
336,1085774510736,M0608印花坏坏猫咪,9/24,第17组
337,1087876476240,M0608晕乎乎萌猫,9/24,第17组
338,1085775146710,M0619趣味苦咖啡鸭,9/24,第17组
339,1087877244286,M0619水池小黄鸭,9/24,第17组
340,1084890895830,M0619艺术扑克顺子,9/24,第17组
341,1084891143992,M0619饮水机油画,9/24,第17组
342,1086846097745,M0619治愈出逃鸭子,9/24,第17组
343,1087883392119,M0622哈喽猫涂画,9/24,第18组
344,1085781930504,M0624清凉冰饮油画,9/24,第18组
345,1084894827547,M0624天染青红油画,9/24,第18组
346,1086849733408,M0624下雨的云油画,9/24,第18组
347,1085785010488,M0624小猫睡前故事,9/24,第18组
348,1085785554189,M0624紫藤花拼图3,9/24,第18组
349,1087887248812,M0626梵高井中观星,9/24,第18组
350,1085785894533,M0628萌宠痞贼狼狗,9/24,第18组
351,1086851217505,M0628神圣代码之眼,9/24,第18组
352,1084896787752,M0628时间刚好狗狗,9/24,第18组
353,1085786486822,M0628唯美慵懒公主,9/24,第18组
354,1084897147898,M0628唯美慵懒天使,9/24,第18组
355,1085787438282,M0630爆破黄哈喽猫,9/24,第18组
